SampleTimeFine,Euler_X,Euler_Y,Euler_Z,FreeAcc_X,FreeAcc_Y,FreeAcc_Z,Status
2089876,-8.6897,-62.3985,-0.0306,0.0034,-0.2129,0.1691,0
2090043,-8.5956,-62.3637,-0.1022,0.0702,0.2130,0.2972,0
2090209,-8.5323,-62.3187,-0.1616,0.0468,0.3676,0.0422,0
2090543,-8.6890,-62.3400,-0.0863,0.0873,-0.3660,-0.0789,0
2090709,-8.6823,-62.4162,-0.0580,0.0422,-0.4220,-0.0630,0
2090876,-8.6783,-62.4458,0.0026,-0.1117,-0.2421,0.0471,0
2091043,-8.5488,-62.5748,0.0145,0.0541,0.0042,-0.0992,0
2091209,-8.3551,-62.7248,0.0007,0.0818,0.1996,-0.1050,0
2091376,-8.1613,-62.7801,-0.0508,-0.1631,0.3063,0.2727,0
2091709,-7.9820,-62.8591,-0.1885,-0.1363,0.1608,0.0515,0
2091876,-7.9850,-62.9226,-0.2392,0.0560,-0.0676,-0.0017,0
2092043,-7.9338,-62.9964,-0.3034,0.0660,-0.1996,-0.0066,0
2092876,-7.7274,-63.1124,-0.3386,-0.0362,-0.0087,-0.0016,0
2093043,-7.7579,-63.1413,-0.3194,0.0158,-0.1040,0.1547,0
2093209,-7.7876,-63.1630,-0.2962,0.0098,-0.1046,0.2303,0
2093543,-7.7901,-63.1675,-0.2647,0.0219,-0.0282,-0.0135,0
2093709,-7.7656,-63.1794,-0.2324,-0.0515,-0.0941,0.0564,0
2093876,-7.7468,-63.1718,-0.2166,-0.1327,-0.0626,0.0833,0
2094043,-7.7548,-63.1717,-0.2146,-0.0491,-0.0278,0.0377,0
2094209,-7.7796,-63.1732,-0.2066,0.0315,-0.0058,-0.0306,0
2094709,-7.6854,-63.1493,-0.2454,-0.0510,-0.0302,0.1453,0
2094876,-7.6677,-63.1233,-0.2545,-0.0830,-0.1205,0.0523,0
2095209,-7.6145,-63.1351,-0.2629,0.0222,0.0078,0.0742,0
2095376,-7.5836,-63.1302,-0.2639,-0.0105,0.0808,0.0775,0
2095543,-7.5939,-63.1095,-0.2675,-0.0148,0.0284,0.0514,0
2096209,-7.6165,-63.1512,-0.2481,0.0112,0.0187,0.1057,0
2096376,-7.6152,-63.1545,-0.2308,0.0403,0.0300,0.3057,0
2096543,-7.6334,-63.1342,-0.2131,-0.0094,0.0045,0.2240,0
2096709,-7.6613,-63.0943,-0.1954,-0.0300,0.0376,0.0037,0
2096876,-7.6930,-63.0789,-0.1891,-0.0485,-0.0092,-0.1320,0
2097043,-7.7066,-63.1039,-0.1906,-0.0044,-0.0402,-0.1155,0
2097376,-7.7115,-63.0915,-0.2205,0.0012,-0.0350,0.1959,0
2097543,-7.7151,-63.0723,-0.2300,-0.0345,-0.0071,0.0854,0
2097709,-7.7333,-63.0622,-0.2215,0.0243,0.0095,0.0758,0
2098043,-7.7651,-63.0563,-0.2181,-0.0041,-0.0629,-0.0149,0
2098209,-7.7747,-63.0379,-0.2186,-0.0234,-0.0724,0.0916,0
2098376,-7.7639,-63.0158,-0.2230,-0.0341,-0.0640,0.1321,0
2098543,-7.7530,-62.9912,-0.2266,-0.0574,0.0150,0.0889,0
2099543,-7.7953,-62.4696,0.0033,-0.1998,0.0142,0.1898,0
2099709,-7.6853,-62.3810,0.0409,-0.2126,0.0849,0.0597,0
2100043,-7.4889,-62.2608,0.0815,0.1017,0.0683,-0.1013,0
2100209,-7.3522,-62.2795,0.1211,0.1115,-0.0734,0.0012,0
2100376,-7.2140,-62.2636,0.1754,-0.0105,-0.1224,0.3031,0
2101210,-6.4251,-62.1196,0.3635,0.0171,0.3303,0.3794,0
2101376,-6.4694,-62.0592,0.4502,-0.1864,-0.1022,0.1415,0
2101543,-6.5581,-62.0260,0.5374,0.1061,-0.2788,-0.1207,0
2101876,-6.3801,-61.9603,0.6092,0.0471,0.0388,0.0965,0
2102043,-6.3120,-61.9500,0.6238,0.0588,-0.0656,0.1072,0
2102543,-6.2262,-61.9160,0.7567,-0.0739,-0.2076,0.0883,0
2102710,-6.0564,-61.9559,0.7702,0.2262,-0.0319,0.0529,0
2103043,-6.0527,-61.9101,0.8581,-0.0778,0.2634,0.2845,0
2103210,-6.2371,-61.8864,0.9146,-0.0826,-0.1665,0.0903,0
2103376,-6.3372,-61.8778,0.9779,0.0221,-0.2649,0.1392,0
2103710,-6.4053,-61.7862,1.0623,-0.0555,0.2402,0.0660,0
2103876,-6.5479,-61.7548,1.1054,-0.3379,0.1007,0.1168,0
2104210,-6.7992,-61.8138,1.1936,0.2439,-0.0591,0.0017,0
2104376,-6.9183,-61.8041,1.2620,0.0323,0.0620,0.1701,0
2104543,-7.0433,-61.7861,1.3067,-0.1230,0.0505,0.0909,0
2105543,-7.7448,-62.1509,1.4912,0.0635,-0.1060,0.0300,0
2105710,-7.8645,-62.2311,1.5227,0.1252,-0.1479,-0.0869,0
2105876,-7.9831,-62.3456,1.5869,-0.1300,-0.1669,-0.0314,0
2106043,-7.9667,-62.4963,1.6002,0.0300,0.0060,0.0742,0
2106210,-8.0714,-62.6067,1.6555,0.0731,-0.0446,0.0906,0
2106376,-8.2005,-62.7230,1.7038,0.1327,-0.0355,-0.0440,0
2106710,-8.3234,-63.0121,1.8054,-0.0984,0.0563,0.1086,0
2106876,-8.3405,-63.1701,1.8557,-0.1226,-0.0249,0.0861,0
2107043,-8.3987,-63.3457,1.8787,0.0261,-0.3114,-0.0155,0
2107210,-8.4602,-63.5178,1.9483,0.0589,-0.0291,0.0249,0
2107376,-8.4949,-63.6610,2.0055,0.0417,0.1962,0.0845,0
2107543,-8.5899,-63.8036,2.0568,-0.0439,-0.1574,0.0127,0
2107876,-8.7607,-64.1185,2.1527,-0.1147,0.0907,0.1901,0
2108043,-8.7065,-64.3269,2.1770,-0.0039,0.0162,-0.0774,0
2108210,-8.7637,-64.5462,2.2095,0.1482,-0.1723,-0.2454,0
2108543,-8.8212,-64.9728,2.3058,-0.2488,0.0855,0.4652,0
2108710,-8.9499,-65.1023,2.3276,0.0627,-0.0258,0.0437,0
2108876,-9.1056,-65.3000,2.3685,0.3064,0.0078,-0.4869,0
2109043,-9.1699,-65.5802,2.4186,-0.0456,-0.0472,0.0202,0
2109210,-9.2543,-65.8046,2.4815,-0.1089,-0.0044,0.4458,0
2109376,-9.3906,-65.9803,2.5196,0.0956,-0.0472,0.1745,0
2109710,-9.6688,-66.3585,2.6506,-0.3162,-0.0392,0.0955,0
2109876,-9.8731,-66.5547,2.7331,-0.0982,-0.4016,0.1342,0
2110043,-10.0668,-66.7205,2.8436,0.2857,0.0062,-0.0080,0
2110210,-10.1438,-66.9211,2.9159,0.1175,0.4517,-0.0574,0
2110376,-10.3694,-67.1114,2.9861,-0.1495,-0.0186,0.0629,0
2110543,-10.6376,-67.2967,3.0901,-0.1423,-0.2416,0.0888,0
2110876,-11.0198,-67.6579,3.4129,0.1821,-0.0578,-0.0105,0
2111043,-11.2470,-67.8591,3.5375,0.1803,-0.0295,-0.1597,0
2111210,-11.4804,-68.0602,3.7547,-0.2151,0.1516,0.1386,0
2111543,-12.0613,-68.3383,4.0093,-0.0268,-0.1554,-0.0216,0
2111710,-12.3152,-68.5104,4.1619,0.0201,0.0919,0.0184,0
2111876,-12.5606,-68.6646,4.3730,0.0656,0.2326,0.1384,0
2112043,-12.8701,-68.8222,4.4883,-0.0681,-0.3346,0.0372,0
2112210,-13.1867,-68.9631,4.6676,0.0609,-0.1448,0.0198,0
2112376,-13.5215,-69.1289,4.9239,0.0785,0.2259,-0.0227,0
2112710,-14.1804,-69.3642,5.2400,-0.1275,-0.1758,0.2392,0
2112876,-14.4687,-69.4033,5.4074,0.1144,-0.1251,-0.0105,0
2113043,-14.7641,-69.4796,5.5644,0.0465,0.0426,-0.1107,0
2113543,-16.0651,-69.5730,6.3003,0.1536,0.0471,-0.0297,0
2113710,-16.3954,-69.6105,6.4396,-0.0760,-0.0171,-0.1511,0
2113876,-16.7146,-69.6654,6.6468,-0.0274,-0.0431,-0.0603,0
2114210,-17.2413,-69.7831,6.8624,-0.0605,-0.1404,0.0997,0
2114376,-17.4084,-69.8972,6.9997,0.0025,-0.0599,-0.0677,0
2114543,-17.6212,-69.9971,7.1972,0.2599,0.1057,-0.1720,0
2115043,-18.2312,-70.2096,7.5456,-0.0003,-0.1001,0.0106,0
2115210,-18.4386,-70.2883,7.7280,0.0342,0.1367,-0.2298,0
2115376,-18.7238,-70.4557,7.9331,0.0720,0.0555,-0.0486,0
2115710,-19.2155,-70.5703,8.2810,-0.1889,-0.1083,0.3221,0
2115876,-19.3731,-70.5518,8.3877,0.0250,-0.0301,-0.0818,0
2116043,-19.6632,-70.6107,8.5872,-0.1032,0.0821,-0.1286,0
2116210,-19.9716,-70.6498,8.7753,-0.1467,0.0021,0.2568,0
2116376,-20.1768,-70.6195,8.8912,0.2573,0.1493,0.1057,0
2116543,-20.4779,-70.6130,9.0608,-0.0021,0.0888,-0.1300,0
2116876,-21.0231,-70.7006,9.3499,0.0322,-0.1928,0.0073,0
2117043,-21.1949,-70.7148,9.5081,-0.0595,-0.0073,0.1844,0
2117543,-21.7316,-70.2570,9.7921,0.1334,0.0267,0.1949,0
2117710,-21.9221,-70.0302,9.8298,0.0590,0.0167,0.0924,0
2117877,-21.9304,-69.8848,9.7593,-0.0795,-0.2738,-0.1646,0
2118043,-21.8795,-69.8205,9.7697,-0.2176,-0.2020,-0.0551,0
2118210,-21.8688,-69.7816,9.8011,-0.1053,-0.0148,0.0646,0
2118377,-21.8852,-69.7506,9.8339,0.0211,0.0556,0.0028,0
2118710,-22.0583,-69.7502,10.0553,-0.1167,-0.1955,0.0491,0
2118877,-22.0681,-69.7828,10.1014,-0.0925,-0.0453,0.0602,0
2119043,-22.1014,-69.8158,10.1640,-0.0214,0.1484,-0.0522,0
2119543,-22.1239,-69.8847,10.3255,-0.2031,-0.1583,0.3038,0
2119710,-21.9573,-69.8246,10.2190,-0.0317,-0.0219,-0.0930,0
2119877,-22.0201,-69.8636,10.2934,0.0027,0.0298,-0.1655,0
2120210,-22.1499,-69.8231,10.4009,-0.0271,0.0346,0.0575,0
2120377,-22.3340,-69.9221,10.4940,0.0474,-0.1410,0.1245,0
2120543,-22.5456,-70.1659,10.5718,0.0677,-0.0262,0.0526,0
2120710,-22.6247,-70.3903,10.5612,0.0743,0.0125,-0.0022,0
2120877,-22.6483,-70.6043,10.5221,-0.0154,-0.0541,0.0498,0
2121043,-22.7027,-70.7995,10.5148,-0.0138,-0.0058,0.1186,0
2121377,-22.9678,-71.1674,10.6627,-0.0024,-0.0046,-0.0533,0
2121543,-23.0906,-71.3558,10.6735,-0.0897,-0.0161,0.0292,0
2121710,-23.1646,-71.6188,10.6719,0.0337,0.0436,-0.0264,0
2122043,-23.2995,-72.1587,10.6150,-0.0164,-0.0660,0.1106,0
2122210,-23.4251,-72.4143,10.6869,0.0109,-0.0583,0.0819,0
2122377,-23.5854,-72.6609,10.8030,-0.1003,-0.0505,0.0303,0
2122543,-23.7052,-72.9146,10.8656,-0.0796,0.0484,0.1190,0
2122710,-23.9107,-73.1660,10.9791,0.0536,0.0728,-0.0304,0
2122877,-24.1928,-73.4412,11.1590,-0.0107,-0.0597,-0.0115,0
2123210,-24.5986,-74.0194,11.3915,0.0443,-0.0044,0.0018,0
2123377,-24.7952,-74.2277,11.5452,-0.0575,-0.0381,0.0264,0
2123543,-25.0513,-74.4053,11.7403,-0.0504,0.0306,-0.0248,0
2123710,-25.2568,-74.5636,11.9022,-0.0435,0.0043,0.0436,0
2123877,-25.3647,-74.6984,11.9744,0.0669,0.0205,0.0573,0
2124043,-25.4400,-74.7917,12.0173,0.0325,-0.0186,-0.0622,0
2124210,-25.4448,-74.8638,11.9804,-0.0391,-0.0839,-0.0183,0
2124377,-25.3387,-74.9273,11.8744,-0.0774,-0.0411,0.0916,0
2124710,-25.2768,-74.9523,11.7451,-0.0756,0.0084,0.0047,0
2124877,-25.3306,-74.9350,11.7804,0.0207,0.0973,-0.0233,0
2125043,-25.4145,-74.8923,11.8578,0.0357,-0.0293,-0.0099,0
2125210,-25.3181,-74.8671,11.7549,-0.0612,-0.0494,0.0625,0
2125377,-25.1757,-74.8837,11.6080,-0.0129,-0.0289,-0.0351,0
2125543,-25.0911,-74.9047,11.5463,0.0427,-0.0238,-0.0197,0
2125877,-24.9363,-74.8366,11.4869,-0.1124,-0.0017,0.1016,0
2126043,-24.8694,-74.7518,11.4766,-0.0291,-0.0212,-0.0684,0
2126210,-24.7015,-74.6185,11.3577,-0.0577,-0.0419,-0.0388,0
2126543,-24.5130,-74.2739,11.2939,0.0430,-0.0125,0.0421,0
2126710,-24.4103,-74.0659,11.2792,0.0414,-0.1012,-0.0184,0
2126877,-24.1013,-73.8613,11.0576,-0.0030,-0.0953,-0.0055,0
2127043,-23.7517,-73.6610,10.8147,-0.0205,0.0282,0.0087,0
2127210,-23.5024,-73.4243,10.6728,-0.0523,0.0204,0.0594,0
2127710,-22.8791,-72.4871,10.4332,-0.0218,-0.0046,0.0412,0
2127877,-22.5690,-72.0836,10.2379,0.0076,0.0477,0.1209,0
2128043,-22.2759,-71.7203,10.0683,-0.0383,0.0938,-0.2183,0
2128210,-22.0607,-71.5646,9.8933,0.0413,0.0686,-0.2986,0
2128377,-22.2189,-71.5943,10.0917,0.0235,-0.3921,0.2128,0
2128543,-21.9777,-71.5358,9.9396,0.0295,-0.0154,0.3655,0
2129543,-20.9519,-71.5195,9.3808,0.0235,0.0150,-0.0018,0
2129710,-20.8865,-71.5374,9.3451,-0.0262,-0.1252,-0.0314,0
2129877,-20.8390,-71.6075,9.3808,-0.0417,-0.1615,0.0711,0
2130043,-20.6639,-71.6458,9.3296,0.0187,-0.0215,0.1750,0
2130210,-20.3941,-71.6699,9.1886,0.0742,0.0877,-0.0077,0
2130377,-20.1665,-71.7244,9.0970,0.0125,0.0481,-0.1603,0
2130710,-19.8513,-71.8563,9.0117,-0.2203,-0.0559,0.1535,0
2130877,-19.7434,-71.8613,8.9806,-0.0498,0.0738,0.2699,0
2131043,-19.6180,-71.7993,8.8382,0.0821,0.0846,0.1428,0
2131210,-19.4609,-71.7677,8.6995,0.1235,0.0514,-0.1758,0
2131377,-19.2954,-71.7843,8.5754,-0.0109,-0.1492,-0.1291,0
2131543,-19.1146,-71.7860,8.4714,-0.0611,-0.1049,0.1837,0
2131877,-18.6708,-71.5862,8.1206,-0.0266,0.1307,0.0668,0
2132043,-18.5831,-71.4960,8.0281,0.1240,-0.0464,-0.1922,0
2132210,-18.4947,-71.4781,7.9657,0.1556,-0.1068,-0.1895,0
2132543,-18.0769,-71.4734,7.7233,-0.0074,-0.0486,0.1964,0
2132710,-17.8206,-71.4720,7.5660,-0.0816,-0.0755,0.0531,0
2132877,-17.6558,-71.5022,7.4837,-0.1832,-0.2128,0.0465,0
2133043,-17.4964,-71.4717,7.4135,-0.1301,-0.0035,0.1982,0
2133210,-17.3753,-71.4031,7.3580,0.1069,0.3131,-0.0278,0
2133377,-17.3285,-71.4094,7.2990,-0.0007,0.0773,-0.1652,0
2133710,-17.2158,-71.4655,7.2672,0.0500,-0.0973,-0.0518,0
2133877,-17.0719,-71.5238,7.2458,-0.0959,0.0670,0.0251,0
2134044,-16.8834,-71.5333,7.1567,-0.1232,0.0367,0.2666,0
2134210,-16.6637,-71.4990,7.0009,0.0142,-0.0126,0.1443,0
2134377,-16.5092,-71.4951,6.9273,0.0257,-0.0915,-0.0381,0
2134544,-16.3687,-71.4959,6.8967,0.0412,0.0369,-0.0537,0
2134877,-16.0819,-71.5140,6.7529,-0.0532,-0.0080,0.0655,0
2135044,-15.9397,-71.4837,6.6536,-0.1202,-0.0453,0.1719,0
2135210,-15.7555,-71.3877,6.5442,-0.0513,0.0462,0.1556,0
2135544,-15.3632,-71.2542,6.2446,0.0030,-0.0798,-0.0945,0
2136044,-14.9173,-71.1427,5.9669,-0.1251,-0.0250,0.3094,0
2136210,-14.5855,-71.0103,5.7562,-0.0746,-0.0321,0.1413,0
2136710,-14.0307,-70.7695,5.3650,0.0296,0.0498,-0.0223,0
2136877,-13.8993,-70.7213,5.2571,0.0988,-0.0098,0.0701,0
2137044,-13.6892,-70.6754,5.1170,-0.1203,-0.0302,0.1874,0
2137210,-13.3906,-70.5566,4.9456,-0.0348,0.0315,0.1930,0
2137377,-13.1961,-70.4352,4.7976,0.0554,-0.1005,-0.0404,0
2137544,-13.0735,-70.3139,4.6770,-0.0590,-0.0357,0.0009,0
2138210,-12.5475,-69.7908,4.1525,-0.1684,-0.0470,-0.0065,0
2138377,-12.3721,-69.6948,3.9950,0.1095,0.0419,0.0362,0
2138544,-12.2233,-69.6109,3.8646,0.1402,-0.0744,-0.0216,0
2138710,-12.0596,-69.5290,3.7460,0.0891,-0.1602,0.0545,0
2138877,-11.8342,-69.4604,3.6232,-0.0266,-0.0404,0.1445,0
2139044,-11.6320,-69.3510,3.5042,0.0185,0.0450,0.1366,0
2139377,-11.4629,-69.1019,3.3175,-0.0013,0.0320,-0.0387,0
2139544,-11.3610,-68.9851,3.1941,0.0206,-0.0369,0.1174,0
2139710,-11.2105,-68.8380,3.0854,-0.0863,-0.0804,0.2113,0
2140044,-10.8995,-68.6132,2.8736,0.0248,-0.1339,-0.2322,0
2140210,-10.7660,-68.5789,2.8099,0.0652,0.0345,0.0032,0
2140377,-10.6219,-68.4912,2.7559,0.0627,0.0688,0.2935,0
2140544,-10.4920,-68.3468,2.7017,-0.1730,0.0645,0.2388,0
2140710,-10.3935,-68.2334,2.6181,-0.2304,-0.1963,-0.0036,0
2140877,-10.2915,-68.1518,2.5524,0.1278,-0.0960,-0.1426,0
2141044,-10.1750,-68.0610,2.5157,0.1021,0.0721,-0.0376,0
2141210,-10.0168,-67.9486,2.4463,-0.0043,0.1957,0.1476,0
2141377,-9.9302,-67.8231,2.3854,-0.0336,-0.0654,0.1911,0
2141544,-9.8478,-67.7000,2.3238,0.1008,-0.1150,0.0672,0
2141710,-9.7017,-67.5744,2.2505,-0.0310,-0.0847,0.0746,0
2141877,-9.5002,-67.4149,2.1732,-0.1278,0.0400,0.1346,0
2142044,-9.3765,-67.2369,2.1074,0.0842,0.2030,-0.0597,0
2142210,-9.3659,-67.1039,2.0768,0.0234,0.0401,-0.1503,0
2142377,-9.3153,-66.9914,2.0373,-0.0198,-0.1725,0.0754,0
2142710,-9.0007,-66.6919,1.8715,0.0559,-0.0087,0.0685,0
2142877,-8.9249,-66.4717,1.8238,0.0337,-0.0377,0.0619,0
2143044,-8.8786,-66.2650,1.7897,-0.0732,-0.0324,0.0427,0
2143210,-8.7252,-66.1221,1.7732,-0.2529,0.1346,0.0540,0
2143377,-8.5373,-66.0123,1.7198,0.0051,-0.0297,-0.0007,0
2143544,-8.4240,-65.9051,1.6498,0.2877,-0.2126,-0.1604,0
2143877,-8.0812,-65.6345,1.5881,-0.2803,0.0646,0.4293,0
2144044,-7.9103,-65.4561,1.5099,0.0812,0.1312,0.0211,0
2144210,-7.8915,-65.3078,1.5065,0.2457,0.0098,-0.4382,0
2144544,-7.7419,-65.1691,1.5359,-0.1240,0.0654,0.4051,0
2144710,-7.6025,-65.0234,1.4986,-0.0670,0.2301,0.4475,0
2144877,-7.5376,-64.8414,1.4523,-0.0347,-0.1133,-0.0621,0
2145044,-7.4812,-64.7401,1.4298,0.1186,-0.4040,-0.3802,0
2145210,-7.3359,-64.6904,1.4676,-0.0964,-0.1145,0.0997,0
2145377,-7.1438,-64.6213,1.4590,-0.1415,0.2825,0.3899,0
2145710,-7.1410,-64.4160,1.4260,0.0386,0.0058,-0.1100,0
2145877,-7.1095,-64.3667,1.4193,0.0210,-0.1200,0.0838,0
2146044,-7.0266,-64.2896,1.3929,-0.0338,-0.1517,0.2802,0
2146210,-6.9039,-64.1835,1.3508,0.0938,0.1175,0.1353,0
2146377,-6.8742,-64.0574,1.3692,-0.0235,0.1651,-0.0309,0
2146544,-6.8232,-64.0082,1.3808,-0.2282,-0.1365,-0.0184,0
2146877,-6.7711,-63.8930,1.3898,0.2348,0.1977,0.0909,0
2147044,-6.7505,-63.7788,1.3870,-0.0123,0.0359,0.1765,0
2147210,-6.7592,-63.6570,1.4114,-0.1580,-0.2165,0.1138,0
2147544,-6.5528,-63.5192,1.3477,0.0679,0.1138,-0.0617,0
2147710,-6.4596,-63.4641,1.3479,-0.0925,0.1607,0.1805,0
2147877,-6.4789,-63.3933,1.3675,-0.0010,-0.0457,0.1021,0
2148044,-6.5391,-63.3132,1.3941,0.1066,-0.1261,-0.0639,0
2148210,-6.5179,-63.2337,1.3956,0.0651,-0.0890,0.0110,0
2148710,-6.4223,-63.0043,1.4212,0.0207,-0.1434,-0.1169,0
2148877,-6.4317,-62.9608,1.5008,0.0722,-0.1838,0.0954,0
2149044,-6.3335,-62.9092,1.5234,-0.0409,0.0249,0.3086,0
2149210,-6.2753,-62.8384,1.5376,-0.0690,0.0958,0.1765,0
2149377,-6.3171,-62.7463,1.5655,-0.0142,0.0705,-0.0428,0
2149544,-6.3617,-62.6851,1.6016,-0.0266,-0.0609,-0.0623,0
2149710,-6.3120,-62.6659,1.6151,-0.0889,-0.1018,0.0799,0
2149877,-6.2080,-62.6576,1.5919,0.1153,0.0499,0.0908,0
2150210,-6.1816,-62.5447,1.6260,-0.0315,-0.0194,0.1183,0
2150377,-6.1608,-62.4902,1.6338,-0.1465,-0.1023,0.1850,0
2150711,-6.0146,-62.4031,1.5940,0.1188,0.2130,0.0254,0
2150877,-6.0061,-62.3637,1.6029,-0.0287,0.0050,0.0529,0
2151044,-6.0012,-62.3440,1.6217,-0.0174,-0.1611,0.0781,0
2151377,-5.8388,-62.2800,1.5980,0.0497,0.1425,-0.0140,0
2151544,-5.8178,-62.2389,1.6148,0.0192,0.1017,0.0021,0
2151711,-5.7813,-62.2274,1.6201,-0.0593,-0.0861,0.0550,0
2152044,-5.5913,-62.2822,1.6033,0.0773,0.0302,0.0801,0
2152211,-5.5759,-62.2542,1.6236,0.0355,-0.0201,0.1351,0
2152377,-5.5252,-62.2355,1.6182,0.0259,-0.0447,0.0064,0
2152544,-5.5071,-62.2070,1.6319,0.0347,0.0098,0.0169,0
2152711,-5.4112,-62.1787,1.6042,0.0726,0.1297,0.0318,0
2152877,-5.3948,-62.1617,1.6203,0.0440,0.0779,-0.0038,0
2153211,-5.3323,-62.1713,1.6248,0.0617,-0.1629,0.0010,0
2153377,-5.1585,-62.1888,1.5880,0.0114,0.0797,0.0008,0
2153544,-5.0641,-62.1874,1.5637,0.0344,0.1334,0.1031,0
2153711,-5.0671,-62.1641,1.5682,0.0396,0.0020,0.1453,0
2153877,-5.0829,-62.1170,1.5805,-0.0811,-0.0165,0.1829,0
2155044,-4.8195,-62.0769,1.5594,-0.0036,0.0087,0.1034,0
2155211,-4.7608,-62.0650,1.5507,-0.0426,0.0866,0.0954,0
2156211,-4.5961,-62.0533,1.5194,-0.0602,0.0056,0.0852,0
2156377,-4.5635,-62.0574,1.5078,-0.0930,0.0347,0.0903,0
2156544,-4.5634,-62.0625,1.5065,0.1033,0.0272,-0.0156,0
2156711,-4.5758,-62.0485,1.5210,0.0071,-0.0389,0.1928,0
2156877,-4.5088,-62.0529,1.4955,-0.0700,-0.1206,0.2379,0
2157044,-4.4289,-62.0655,1.4777,0.0351,-0.1204,0.0022,0
2157711,-4.3444,-62.0411,1.4790,0.0256,0.0862,0.1084,0
2157877,-4.3575,-62.0143,1.4828,0.0181,-0.0104,0.0899,0
2158044,-4.3444,-61.9875,1.4677,0.0892,-0.0615,0.0199,0
2158544,-4.2817,-61.9731,1.4591,0.1748,-0.0684,-0.0476,0
2158711,-4.2366,-61.9664,1.4772,0.1157,0.0627,0.0557,0
2158877,-4.1646,-61.9702,1.4804,-0.0915,-0.0262,0.0841,0
2159211,-4.0600,-62.0162,1.4738,0.0650,0.0121,0.0124,0
2159377,-3.9894,-62.0304,1.4675,0.0774,0.0671,0.0659,0
2159544,-3.9685,-62.0295,1.4767,-0.0064,0.0392,0.1295,0
2159711,-3.9607,-62.0260,1.4761,-0.0603,0.0001,0.1205,0
2159877,-3.9189,-62.0308,1.4544,0.0644,0.0375,0.0078,0
2160044,-3.8927,-62.0259,1.4464,0.0519,-0.0007,0.0174,0
2160377,-3.8167,-62.0329,1.4278,0.0222,0.0510,0.0766,0
2160544,-3.7908,-62.0264,1.4166,-0.0224,0.0362,0.0498,0
2161044,-3.7266,-62.0118,1.3437,-0.0060,0.0620,0.1662,0
2161211,-3.7391,-62.0029,1.3200,0.0570,-0.0361,-0.0135,0
2161377,-3.7670,-61.9970,1.3156,-0.0313,-0.0155,0.0074,0
2161544,-3.7872,-62.0035,1.2905,-0.1168,-0.0577,0.1574,0
2161711,-3.8065,-62.0111,1.2552,0.0659,-0.0006,0.1083,0
2161877,-3.8197,-62.0026,1.2434,0.1314,0.1062,0.0771,0
2162544,-3.8097,-61.9769,1.2133,-0.0300,0.2096,0.0158,0
2162711,-3.9074,-61.9611,1.2240,0.0336,0.0503,-0.0066,0
2162877,-3.9692,-61.9462,1.2295,0.0522,-0.0680,0.0566,0
2163044,-3.9642,-61.9330,1.2163,0.0774,-0.0787,0.1116,0
2163211,-3.9520,-61.9224,1.2061,0.0625,-0.0399,0.1076,0
2163377,-3.9311,-61.9023,1.1949,0.0246,0.0687,0.1452,0
2163711,-3.9968,-61.8522,1.1909,-0.0886,0.0588,0.0853,0
2163877,-4.0502,-61.8371,1.1871,-0.0050,0.0783,0.0155,0
2164044,-4.1457,-61.8210,1.2104,0.0051,-0.0154,-0.0291,0
2164211,-4.1764,-61.8195,1.2102,0.0330,-0.1317,0.0280,0
2164377,-4.1648,-61.8090,1.2044,0.0597,-0.0857,0.0853,0
2164544,-4.1451,-61.8009,1.1848,0.0286,0.0486,-0.0331,0
2164877,-4.1365,-61.7946,1.1689,-0.0356,-0.0389,0.2444,0
2165044,-4.1322,-61.7844,1.1626,0.0523,0.0175,0.1538,0
2165211,-4.1796,-61.7690,1.1735,0.0112,0.0326,0.0172,0
2165544,-4.1683,-61.7701,1.1606,0.0307,-0.0033,0.0442,0
2165711,-4.1818,-61.7688,1.1650,0.0360,0.0049,0.0072,0
2165877,-4.1791,-61.7750,1.1610,-0.0322,-0.0501,0.0450,0
2166044,-4.1621,-61.7838,1.1526,0.0160,-0.0347,0.0666,0
2166211,-4.1477,-61.7903,1.1501,-0.0412,-0.0168,0.1067,0
2166377,-4.1220,-61.8023,1.1341,0.0264,0.0122,0.0265,0
2167044,-3.8480,-61.9848,1.0753,0.2139,0.1156,-0.0724,0
2167211,-3.7872,-62.0464,1.0779,0.0585,0.1134,0.0092,0
2167378,-3.7505,-62.1043,1.0903,-0.0469,-0.0606,0.2005,0
2167544,-3.7305,-62.1518,1.1064,-0.0429,-0.0174,0.2056,0
2167711,-3.7160,-62.2076,1.1238,0.0620,-0.0716,0.0409,0
2167878,-3.6856,-62.2562,1.1494,0.0771,0.0620,0.0044,0
2168211,-3.7418,-62.3329,1.2107,-0.0703,0.0435,0.1814,0
2168378,-3.7841,-62.3642,1.2211,0.0185,0.1353,0.1048,0
2168544,-3.8625,-62.3989,1.2496,-0.0088,0.0180,0.0914,0
2169044,-4.0388,-62.5418,1.3268,0.0155,0.0009,0.0099,0
2169211,-4.0398,-62.6099,1.3315,-0.1352,-0.0108,0.1419,0
2169378,-4.0786,-62.6871,1.3002,-0.0052,-0.0062,0.0333,0
2169711,-4.2516,-62.8328,1.3518,0.1103,0.1412,0.2028,0
2169878,-4.3114,-62.8950,1.3639,-0.1227,-0.1066,0.2018,0
2170044,-4.3468,-62.9889,1.3516,0.0983,-0.1431,-0.0067,0
2170211,-4.3907,-63.0778,1.3932,0.0618,0.1110,0.0143,0
2170378,-4.5120,-63.1604,1.4525,-0.0393,0.0352,0.1233,0
2170544,-4.6025,-63.2655,1.4815,-0.0288,-0.0700,0.0661,0
2170878,-4.7586,-63.4639,1.5171,0.0775,-0.0074,-0.0169,0
2171044,-4.8861,-63.5587,1.5797,-0.2071,-0.0825,0.2200,0
2171211,-4.8897,-63.6870,1.5844,0.0274,0.0396,0.0951,0
2171544,-5.0937,-63.9298,1.7127,-0.0135,0.1013,0.1062,0
2171711,-5.1605,-64.0653,1.7486,-0.0230,0.1825,-0.0072,0
2171878,-5.3055,-64.2342,1.7842,0.0367,-0.0655,-0.1368,0
2172044,-5.4591,-64.4104,1.8556,0.0836,-0.0534,0.0336,0
2172211,-5.5066,-64.5564,1.8959,0.0335,-0.0351,0.2176,0
2172378,-5.5775,-64.7098,1.9296,-0.0062,-0.1065,-0.0775,0
2172711,-5.6457,-65.0850,2.0082,0.0159,0.0639,0.2752,0
2172878,-5.7199,-65.2341,2.0465,0.1000,-0.0357,0.1462,0
2173044,-5.8049,-65.4067,2.1131,-0.0100,-0.1258,-0.0835,0
2173211,-5.8302,-65.6247,2.1694,-0.0181,-0.0826,-0.0552,0
2173878,-6.2382,-66.3730,2.3957,0.1597,-0.2004,-0.0621,0
2174044,-6.3769,-66.5718,2.5172,0.0904,-0.1084,-0.0318,0
2174544,-6.5102,-67.2165,2.7044,0.0535,0.0133,-0.0039,0
2174711,-6.5695,-67.4369,2.7921,-0.0339,0.0834,-0.0023,0
2174878,-6.6126,-67.6885,2.8589,-0.0360,-0.0596,0.0256,0
2175044,-6.6975,-67.9191,2.9438,0.0695,-0.0284,0.0339,0
2175211,-6.7999,-68.1555,3.0557,0.1140,0.1857,0.0043,0
2175378,-6.9787,-68.4375,3.1553,-0.0167,0.0216,0.0304,0
2176044,-7.6565,-69.3004,3.6432,-0.0841,0.0295,0.0186,0
2176211,-7.8314,-69.5475,3.7786,0.0283,0.0644,-0.0567,0
2176378,-8.0112,-69.8097,3.8979,-0.0258,0.0163,0.0539,0
2176544,-8.2846,-70.0214,4.0559,0.1216,0.0141,0.1394,0
2176711,-8.4964,-70.2149,4.2219,-0.0651,0.1065,0.0645,0
2176878,-8.6430,-70.3975,4.3048,-0.1920,-0.0937,0.0098,0
2177211,-9.1296,-70.8393,4.6185,0.2311,0.2104,0.0581,0
2177378,-9.3854,-71.0431,4.7647,0.0331,0.1604,0.1177,0
2177544,-9.6569,-71.1843,4.8757,-0.0467,-0.0562,0.2252,0
2177711,-9.9249,-71.2860,5.0396,-0.0154,0.0015,0.1275,0
2177878,-10.1746,-71.3784,5.1714,-0.0322,-0.0531,-0.0297,0
2178044,-10.4229,-71.4696,5.2559,0.0184,-0.0936,-0.0158,0
2178378,-10.9913,-71.5887,5.6586,-0.0569,-0.0002,0.0950,0
2178544,-11.1631,-71.7295,5.6973,0.0177,-0.2842,-0.1140,0
2178711,-11.3644,-71.8695,5.8679,0.0573,-0.0692,0.0633,0
2179044,-11.7561,-71.9767,6.1444,-0.1307,-0.0314,0.0793,0
2179211,-11.8765,-72.0625,6.2362,-0.0908,-0.1343,-0.0165,0
2179544,-12.2623,-72.2367,6.5035,0.0561,0.0288,-0.0643,0
2179711,-12.4617,-72.3673,6.6695,-0.0940,0.0508,0.0448,0
2180211,-12.9031,-72.6502,6.9387,-0.0162,-0.1214,0.0510,0
2180378,-13.0957,-72.7250,7.1062,-0.0321,0.0259,0.1437,0
2180544,-13.2389,-72.7852,7.2435,-0.0590,0.0721,0.1040,0
2180711,-13.4139,-72.8692,7.3150,0.0205,-0.1148,0.0216,0
2180878,-13.6125,-72.9257,7.4798,0.1238,0.0438,0.0052,0
2181044,-13.7945,-72.9351,7.6055,-0.0422,0.1992,0.0957,0
2181378,-14.2294,-72.9710,7.8087,-0.0864,0.0291,0.0519,0
2181544,-14.3854,-72.9610,7.8625,0.0381,-0.2010,0.0254,0
2181711,-14.5651,-73.0124,7.9481,0.1130,-0.1326,-0.1323,0
2182044,-14.9217,-73.1480,8.2424,0.0798,0.1612,0.1359,0
2182211,-15.0777,-73.1480,8.3137,-0.0444,0.1821,0.0490,0
2182378,-15.2707,-73.1971,8.3870,-0.1129,-0.0905,0.0403,0
2182544,-15.4235,-73.2018,8.4424,0.0450,-0.1799,0.0962,0
2182711,-15.5400,-73.2279,8.5038,0.0672,-0.0273,-0.0789,0
2182878,-15.7654,-73.2899,8.6798,-0.0766,0.0339,0.0592,0
2183211,-16.0749,-73.2917,8.8846,0.0977,0.0038,-0.0622,0
2183378,-16.2556,-73.3163,8.9873,-0.1077,-0.1200,-0.0384,0
2183544,-16.4041,-73.3479,9.1277,-0.0454,0.0447,0.1083,0
2183711,-16.5545,-73.3407,9.1903,0.0673,-0.0232,0.1015,0
2183878,-16.6240,-73.3602,9.2364,-0.0474,-0.0910,-0.0122,0
2184045,-16.7475,-73.3794,9.3272,-0.0055,-0.0074,0.0101,0
2184378,-16.8964,-73.3239,9.4089,-0.0563,0.0808,0.0675,0
2184545,-16.9834,-73.2434,9.4023,-0.0820,0.0066,-0.0399,0
2184711,-17.1040,-73.2550,9.4426,-0.1484,-0.0431,0.0191,0
2185045,-17.2997,-73.1952,9.5167,0.0801,-0.0049,0.0567,0
2185211,-17.3902,-73.1516,9.5243,-0.0700,-0.1062,0.0409,0
2185378,-17.4604,-73.1827,9.5950,0.0436,-0.0216,0.0061,0
2185878,-17.7449,-73.1295,9.8043,0.0367,0.0190,0.0235,0
2186045,-17.8204,-73.1132,9.8534,0.0563,-0.0147,0.0086,0
2186211,-17.9307,-73.0771,9.9202,-0.0736,-0.1259,0.0809,0
2186545,-18.0210,-73.0845,10.0006,0.0268,0.0001,-0.0211,0
2186711,-18.0896,-73.0863,10.1177,0.0381,0.1160,0.0898,0
2186878,-18.1374,-73.0740,10.1653,0.0281,0.1091,0.1146,0
2187045,-18.2501,-72.9935,10.2130,-0.0304,-0.0164,0.0681,0
2187211,-18.3103,-72.9576,10.2465,-0.0997,-0.1468,0.0002,0
2187378,-18.3652,-72.9589,10.3107,-0.0185,-0.0249,-0.0891,0
2187711,-18.5291,-73.0246,10.4760,0.0732,-0.0207,0.1067,0
2187878,-18.5507,-72.9967,10.5266,0.0186,-0.0282,0.2394,0
2188045,-18.4757,-72.9538,10.4892,-0.0551,-0.0295,0.0752,0
2188211,-18.4426,-73.1608,10.3785,0.0400,-0.0478,0.0009,0
2188378,-18.4512,-73.4404,10.2253,-0.0048,0.0629,0.0355,0
2188545,-18.5242,-73.7283,10.1636,0.0092,0.0545,0.0457,0
2188878,-18.8088,-74.2046,10.1221,-0.0956,0.0158,0.1328,0
2189045,-19.0261,-74.4823,10.1878,0.0666,0.0098,-0.1106,0
2189211,-19.1305,-74.7506,10.1417,0.0007,-0.0656,-0.0651,0
2189545,-19.1913,-75.2891,9.9910,0.0268,0.0453,0.0165,0
2189711,-19.3388,-75.5201,10.0341,0.0485,0.0043,-0.0379,0
2189878,-19.4304,-75.6792,10.0358,-0.0036,-0.0139,0.1009,0
2190045,-19.5453,-75.8238,10.0944,0.0140,-0.0040,0.0127,0
2190211,-19.6254,-75.9711,10.1491,-0.0284,-0.0450,-0.0654,0
2190378,-19.5736,-76.0915,10.0540,-0.0301,-0.0246,0.0270,0
2190711,-19.5341,-76.2659,9.9004,0.0410,0.0772,0.0511,0
2190878,-19.7404,-76.3217,10.0581,0.0252,-0.0105,-0.0511,0
2191045,-19.7632,-76.3750,10.0055,-0.1015,-0.0945,-0.0442,0
2191211,-19.5432,-76.4474,9.7614,-0.0061,0.0394,0.1239,0
2191378,-19.4785,-76.4703,9.6761,0.0512,0.0948,0.0802,0
2191545,-19.4436,-76.4497,9.6206,-0.0675,-0.0291,0.1735,0
2191878,-19.8028,-76.5407,9.8871,-0.0284,-0.0395,-0.0589,0
2192045,-20.0127,-76.5927,10.0574,-0.0131,0.0111,0.0182,0
2192211,-20.2562,-76.6157,10.2773,0.0382,0.0511,-0.0084,0
2192545,-20.4100,-76.6227,10.4389,0.1291,-0.1025,0.0330,0
2192711,-20.2300,-76.5523,10.2708,0.0202,-0.0466,0.0215,0
2193045,-20.1850,-76.3752,10.3624,0.0537,-0.0072,-0.0604,0
2193211,-20.1872,-76.2480,10.4475,-0.0635,-0.0255,-0.0181,0
2193378,-20.1188,-76.1423,10.4558,-0.0414,0.0230,-0.0706,0
2194045,-19.6000,-75.5631,10.2832,-0.0159,0.0797,0.0532,0
2194211,-19.6378,-75.3532,10.4100,-0.0237,0.0279,0.0471,0
2194378,-19.6763,-75.1195,10.5843,-0.0473,0.0045,0.0587,0
2194545,-19.6393,-74.8465,10.6920,-0.0657,0.0014,0.0231,0
2194711,-19.5058,-74.5648,10.7021,-0.0057,-0.0341,-0.0683,0
2194878,-19.0090,-74.2955,10.2878,0.0363,0.1227,-0.0096,0
2195211,-18.4000,-73.6269,9.9209,0.0483,-0.0332,-0.0826,0
2195378,-18.2943,-73.5595,9.8853,0.0712,-0.1602,0.0850,0
2195545,-18.1465,-73.4695,9.8274,0.0900,-0.1097,0.2975,0
2195711,-17.8690,-73.3587,9.6898,0.0598,0.0168,0.0170,0
2195878,-17.6103,-73.3012,9.5923,-0.0422,0.0416,-0.1259,0
2196045,-17.3530,-73.2426,9.4720,-0.0407,-0.0273,0.0363,0
2196378,-16.7125,-72.9254,9.0943,0.0637,0.1711,0.0602,0
2196545,-16.4016,-72.7352,8.8528,-0.0337,0.2410,0.0124,0
2196711,-16.1916,-72.5251,8.6031,-0.2328,-0.1149,0.1399,0
2197045,-15.5502,-72.2895,8.0779,0.0354,0.0389,-0.0979,0
2197211,-15.2444,-72.2217,7.8768,0.1653,0.1836,-0.0618,0
2197378,-15.0124,-72.0924,7.7169,0.0501,0.2035,0.1667,0
2197545,-14.8068,-71.8429,7.4951,0.0051,0.1457,0.2208,0
2197711,-14.5773,-71.6102,7.2220,0.0204,-0.1306,0.0102,0
2197878,-14.3367,-71.5060,6.9963,0.0861,-0.2247,-0.2477,0
2198211,-13.9574,-71.4874,6.8159,0.1337,-0.0633,0.1180,0
2198378,-13.7225,-71.3964,3.1212,0.0753,0.0183,0.2873,0
2198545,-13.4026,-71.1589,2.8780,-0.1412,0.0405,0.3817,0
2198711,-13.0161,-70.7891,2.5998,0.0640,0.1467,0.1859,0
2198878,-12.7718,-70.5475,2.4055,0.2111,0.0751,-0.3426,0
2199045
2199378
2199545
2199711
2200045
2200211
2200378
2200545
